variable,seriesDescription,msn,multiplier,notes1,notes2,source
Emissions|CO2|Energy|Demand|Buildings,Commercial Share of Electric Power Sector CO2 Emissions,ESCCEUS,-1,,,"These data represent the most recent comprehensive energy statistics integrated across all energy sources. The data includes total energy production, consumption, stocks, and trade; energy prices; overviews of petroleum, natural gas, coal, electricity, nuclear energy, renewable energy, and carbon dioxide emissions; and data unit conversions values. Source: https://www.eia.gov/totalenergy/data/monthly/pdf/mer_a_doc.pdf Report: MER (https://www.eia.gov/totalenergy/data/monthly/)"
Emissions|CO2|Energy|Demand|Buildings,Residential Share of Electric Power Sector CO2 Emissions,ESRCEUS,-1,,,"These data represent the most recent comprehensive energy statistics integrated across all energy sources. The data includes total energy production, consumption, stocks, and trade; energy prices; overviews of petroleum, natural gas, coal, electricity, nuclear energy, renewable energy, and carbon dioxide emissions; and data unit conversions values. Source: https://www.eia.gov/totalenergy/data/monthly/pdf/mer_a_doc.pdf Report: MER (https://www.eia.gov/totalenergy/data/monthly/)"
Emissions|CO2|Energy|Demand|Buildings,Total Energy Commercial Sector CO2 Emissions,TECCEUS,1,,,"These data represent the most recent comprehensive energy statistics integrated across all energy sources. The data includes total energy production, consumption, stocks, and trade; energy prices; overviews of petroleum, natural gas, coal, electricity, nuclear energy, renewable energy, and carbon dioxide emissions; and data unit conversions values. Source: https://www.eia.gov/totalenergy/data/monthly/pdf/mer_a_doc.pdf Report: MER (https://www.eia.gov/totalenergy/data/monthly/)"
Emissions|CO2|Energy|Demand|Buildings,Total Energy Residential Sector CO2 Emissions,TERCEUS,1,,,"These data represent the most recent comprehensive energy statistics integrated across all energy sources. The data includes total energy production, consumption, stocks, and trade; energy prices; overviews of petroleum, natural gas, coal, electricity, nuclear energy, renewable energy, and carbon dioxide emissions; and data unit conversions values. Source: https://www.eia.gov/totalenergy/data/monthly/pdf/mer_a_doc.pdf Report: MER (https://www.eia.gov/totalenergy/data/monthly/)"
Emissions|CO2|Energy|Demand|Buildings|Commercial,Commercial Share of Electric Power Sector CO2 Emissions,ESCCEUS,-1,,,"These data represent the most recent comprehensive energy statistics integrated across all energy sources. The data includes total energy production, consumption, stocks, and trade; energy prices; overviews of petroleum, natural gas, coal, electricity, nuclear energy, renewable energy, and carbon dioxide emissions; and data unit conversions values. Source: https://www.eia.gov/totalenergy/data/monthly/pdf/mer_a_doc.pdf Report: MER (https://www.eia.gov/totalenergy/data/monthly/)"
Emissions|CO2|Energy|Demand|Buildings|Commercial,Total Energy Commercial Sector CO2 Emissions,TECCEUS,1,,,"These data represent the most recent comprehensive energy statistics integrated across all energy sources. The data includes total energy production, consumption, stocks, and trade; energy prices; overviews of petroleum, natural gas, coal, electricity, nuclear energy, renewable energy, and carbon dioxide emissions; and data unit conversions values. Source: https://www.eia.gov/totalenergy/data/monthly/pdf/mer_a_doc.pdf Report: MER (https://www.eia.gov/totalenergy/data/monthly/)"
Emissions|CO2|Energy|Demand|Buildings|Commercial|Indirect,Commercial Share of Electric Power Sector CO2 Emissions,ESCCEUS,1,,,"These data represent the most recent comprehensive energy statistics integrated across all energy sources. The data includes total energy production, consumption, stocks, and trade; energy prices; overviews of petroleum, natural gas, coal, electricity, nuclear energy, renewable energy, and carbon dioxide emissions; and data unit conversions values. Source: https://www.eia.gov/totalenergy/data/monthly/pdf/mer_a_doc.pdf Report: MER (https://www.eia.gov/totalenergy/data/monthly/)"
Emissions|CO2|Energy|Demand|Buildings|Indirect,Commercial Share of Electric Power Sector CO2 Emissions,ESCCEUS,1,,,"These data represent the most recent comprehensive energy statistics integrated across all energy sources. The data includes total energy production, consumption, stocks, and trade; energy prices; overviews of petroleum, natural gas, coal, electricity, nuclear energy, renewable energy, and carbon dioxide emissions; and data unit conversions values. Source: https://www.eia.gov/totalenergy/data/monthly/pdf/mer_a_doc.pdf Report: MER (https://www.eia.gov/totalenergy/data/monthly/)"
Emissions|CO2|Energy|Demand|Buildings|Indirect,Residential Share of Electric Power Sector CO2 Emissions,ESRCEUS,1,,,"These data represent the most recent comprehensive energy statistics integrated across all energy sources. The data includes total energy production, consumption, stocks, and trade; energy prices; overviews of petroleum, natural gas, coal, electricity, nuclear energy, renewable energy, and carbon dioxide emissions; and data unit conversions values. Source: https://www.eia.gov/totalenergy/data/monthly/pdf/mer_a_doc.pdf Report: MER (https://www.eia.gov/totalenergy/data/monthly/)"
Emissions|CO2|Energy|Demand|Buildings|Residential,Residential Share of Electric Power Sector CO2 Emissions,ESRCEUS,-1,,,"These data represent the most recent comprehensive energy statistics integrated across all energy sources. The data includes total energy production, consumption, stocks, and trade; energy prices; overviews of petroleum, natural gas, coal, electricity, nuclear energy, renewable energy, and carbon dioxide emissions; and data unit conversions values. Source: https://www.eia.gov/totalenergy/data/monthly/pdf/mer_a_doc.pdf Report: MER (https://www.eia.gov/totalenergy/data/monthly/)"
Emissions|CO2|Energy|Demand|Buildings|Residential,Total Energy Residential Sector CO2 Emissions,TERCEUS,1,,,"These data represent the most recent comprehensive energy statistics integrated across all energy sources. The data includes total energy production, consumption, stocks, and trade; energy prices; overviews of petroleum, natural gas, coal, electricity, nuclear energy, renewable energy, and carbon dioxide emissions; and data unit conversions values. Source: https://www.eia.gov/totalenergy/data/monthly/pdf/mer_a_doc.pdf Report: MER (https://www.eia.gov/totalenergy/data/monthly/)"
Emissions|CO2|Energy|Demand|Buildings|Residential|Indirect,Residential Share of Electric Power Sector CO2 Emissions,ESRCEUS,1,,,"These data represent the most recent comprehensive energy statistics integrated across all energy sources. The data includes total energy production, consumption, stocks, and trade; energy prices; overviews of petroleum, natural gas, coal, electricity, nuclear energy, renewable energy, and carbon dioxide emissions; and data unit conversions values. Source: https://www.eia.gov/totalenergy/data/monthly/pdf/mer_a_doc.pdf Report: MER (https://www.eia.gov/totalenergy/data/monthly/)"
Emissions|CO2|Energy|Demand|Industry,Industrial Share of Electric Power Sector CO2 Emissions,ESICEUS,-1,,,"These data represent the most recent comprehensive energy statistics integrated across all energy sources. The data includes total energy production, consumption, stocks, and trade; energy prices; overviews of petroleum, natural gas, coal, electricity, nuclear energy, renewable energy, and carbon dioxide emissions; and data unit conversions values. Source: https://www.eia.gov/totalenergy/data/monthly/pdf/mer_a_doc.pdf Report: MER (https://www.eia.gov/totalenergy/data/monthly/)"
Emissions|CO2|Energy|Demand|Industry,Total Industrial Sector CO2 Emissions,TEICEUS,1,,,"These data represent the most recent comprehensive energy statistics integrated across all energy sources. The data includes total energy production, consumption, stocks, and trade; energy prices; overviews of petroleum, natural gas, coal, electricity, nuclear energy, renewable energy, and carbon dioxide emissions; and data unit conversions values. Source: https://www.eia.gov/totalenergy/data/monthly/pdf/mer_a_doc.pdf Report: MER (https://www.eia.gov/totalenergy/data/monthly/)"
Emissions|CO2|Energy|Demand|Industry|Indirect,Industrial Share of Electric Power Sector CO2 Emissions,ESICEUS,1,,,"These data represent the most recent comprehensive energy statistics integrated across all energy sources. The data includes total energy production, consumption, stocks, and trade; energy prices; overviews of petroleum, natural gas, coal, electricity, nuclear energy, renewable energy, and carbon dioxide emissions; and data unit conversions values. Source: https://www.eia.gov/totalenergy/data/monthly/pdf/mer_a_doc.pdf Report: MER (https://www.eia.gov/totalenergy/data/monthly/)"
Emissions|CO2|Energy|Demand|Transportation,Total Energy Transportation Sector CO2 Emissions,TEACEUS,1,,,"These data represent the most recent comprehensive energy statistics integrated across all energy sources. The data includes total energy production, consumption, stocks, and trade; energy prices; overviews of petroleum, natural gas, coal, electricity, nuclear energy, renewable energy, and carbon dioxide emissions; and data unit conversions values. Source: https://www.eia.gov/totalenergy/data/monthly/pdf/mer_a_doc.pdf Report: MER (https://www.eia.gov/totalenergy/data/monthly/)"
Emissions|CO2|Energy|Demand|Transportation,Transportation Share of Electric Power Sector CO2 Emissions,ESACEUS,-1,,,"These data represent the most recent comprehensive energy statistics integrated across all energy sources. The data includes total energy production, consumption, stocks, and trade; energy prices; overviews of petroleum, natural gas, coal, electricity, nuclear energy, renewable energy, and carbon dioxide emissions; and data unit conversions values. Source: https://www.eia.gov/totalenergy/data/monthly/pdf/mer_a_doc.pdf Report: MER (https://www.eia.gov/totalenergy/data/monthly/)"
Emissions|CO2|Energy|Demand|Transportation|Indirect,Transportation Share of Electric Power Sector CO2 Emissions,ESACEUS,1,,,"These data represent the most recent comprehensive energy statistics integrated across all energy sources. The data includes total energy production, consumption, stocks, and trade; energy prices; overviews of petroleum, natural gas, coal, electricity, nuclear energy, renewable energy, and carbon dioxide emissions; and data unit conversions values. Source: https://www.eia.gov/totalenergy/data/monthly/pdf/mer_a_doc.pdf Report: MER (https://www.eia.gov/totalenergy/data/monthly/)"
Final Energy|Buildings,Total Energy Consumed by the Commercial Sector,TECCBUS,1,,,"These data represent the most recent comprehensive energy statistics integrated across all energy sources. The data includes total energy production, consumption, stocks, and trade; energy prices; overviews of petroleum, natural gas, coal, electricity, nuclear energy, renewable energy, and carbon dioxide emissions; and data unit conversions values. Source: https://www.eia.gov/totalenergy/data/monthly/pdf/mer_a_doc.pdf Report: MER (https://www.eia.gov/totalenergy/data/monthly/)"
Final Energy|Buildings,Total Energy Consumed by the Residential Sector,TERCBUS,1,,,"These data represent the most recent comprehensive energy statistics integrated across all energy sources. The data includes total energy production, consumption, stocks, and trade; energy prices; overviews of petroleum, natural gas, coal, electricity, nuclear energy, renewable energy, and carbon dioxide emissions; and data unit conversions values. Source: https://www.eia.gov/totalenergy/data/monthly/pdf/mer_a_doc.pdf Report: MER (https://www.eia.gov/totalenergy/data/monthly/)"
Final Energy|Buildings|Commercial,Total Energy Consumed by the Commercial Sector,TECCBUS,1,,,"These data represent the most recent comprehensive energy statistics integrated across all energy sources. The data includes total energy production, consumption, stocks, and trade; energy prices; overviews of petroleum, natural gas, coal, electricity, nuclear energy, renewable energy, and carbon dioxide emissions; and data unit conversions values. Source: https://www.eia.gov/totalenergy/data/monthly/pdf/mer_a_doc.pdf Report: MER (https://www.eia.gov/totalenergy/data/monthly/)"
Final Energy|Buildings|Commercial|Electricity,Electricity Sales to Ultimate Customers in the Residential Sector,ESRCBUS,1,not sure this includes distributed generation,,"These data represent the most recent comprehensive energy statistics integrated across all energy sources. The data includes total energy production, consumption, stocks, and trade; energy prices; overviews of petroleum, natural gas, coal, electricity, nuclear energy, renewable energy, and carbon dioxide emissions; and data unit conversions values. Source: https://www.eia.gov/totalenergy/data/monthly/pdf/mer_a_doc.pdf Report: MER (https://www.eia.gov/totalenergy/data/monthly/)"
Final Energy|Buildings|Residential,Total Energy Consumed by the Residential Sector,TERCBUS,1,,,"These data represent the most recent comprehensive energy statistics integrated across all energy sources. The data includes total energy production, consumption, stocks, and trade; energy prices; overviews of petroleum, natural gas, coal, electricity, nuclear energy, renewable energy, and carbon dioxide emissions; and data unit conversions values. Source: https://www.eia.gov/totalenergy/data/monthly/pdf/mer_a_doc.pdf Report: MER (https://www.eia.gov/totalenergy/data/monthly/)"
Final Energy|Buildings|Residential|Electricity,Electricity Sales to Ultimate Customers in the Residential Sector,ESRCBUS,1,not sure this includes distributed generation,,"These data represent the most recent comprehensive energy statistics integrated across all energy sources. The data includes total energy production, consumption, stocks, and trade; energy prices; overviews of petroleum, natural gas, coal, electricity, nuclear energy, renewable energy, and carbon dioxide emissions; and data unit conversions values. Source: https://www.eia.gov/totalenergy/data/monthly/pdf/mer_a_doc.pdf Report: MER (https://www.eia.gov/totalenergy/data/monthly/)"
Final Energy|Industry,Total Energy Consumed by the Industrial Sector,TEICBUS,1,,,"These data represent the most recent comprehensive energy statistics integrated across all energy sources. The data includes total energy production, consumption, stocks, and trade; energy prices; overviews of petroleum, natural gas, coal, electricity, nuclear energy, renewable energy, and carbon dioxide emissions; and data unit conversions values. Source: https://www.eia.gov/totalenergy/data/monthly/pdf/mer_a_doc.pdf Report: MER (https://www.eia.gov/totalenergy/data/monthly/)"
Final Energy|Industry|Electricity,Electricity Sales to Ultimate Customers in the Industrial Sector,ESICBUS,1,not sure this includes chp or distributed generation,,"These data represent the most recent comprehensive energy statistics integrated across all energy sources. The data includes total energy production, consumption, stocks, and trade; energy prices; overviews of petroleum, natural gas, coal, electricity, nuclear energy, renewable energy, and carbon dioxide emissions; and data unit conversions values. Source: https://www.eia.gov/totalenergy/data/monthly/pdf/mer_a_doc.pdf Report: MER (https://www.eia.gov/totalenergy/data/monthly/)"
Final Energy|Transportation,Total Energy Consumed by the Transportation Sector,TEACBUS,1,,,"These data represent the most recent comprehensive energy statistics integrated across all energy sources. The data includes total energy production, consumption, stocks, and trade; energy prices; overviews of petroleum, natural gas, coal, electricity, nuclear energy, renewable energy, and carbon dioxide emissions; and data unit conversions values. Source: https://www.eia.gov/totalenergy/data/monthly/pdf/mer_a_doc.pdf Report: MER (https://www.eia.gov/totalenergy/data/monthly/)"
Final Energy|Transportation|Electricity,Electricity Sales to Ultimate Customers in the Transportation Sector,ESACBUS,1,,,"These data represent the most recent comprehensive energy statistics integrated across all energy sources. The data includes total energy production, consumption, stocks, and trade; energy prices; overviews of petroleum, natural gas, coal, electricity, nuclear energy, renewable energy, and carbon dioxide emissions; and data unit conversions values. Source: https://www.eia.gov/totalenergy/data/monthly/pdf/mer_a_doc.pdf Report: MER (https://www.eia.gov/totalenergy/data/monthly/)"
Secondary Energy|Electricity|Losses,Transmission and Distribution Losses and Unaccounted for,ELUNPUS,1,not in EMF template?,,"These data represent the most recent comprehensive energy statistics integrated across all energy sources. The data includes total energy production, consumption, stocks, and trade; energy prices; overviews of petroleum, natural gas, coal, electricity, nuclear energy, renewable energy, and carbon dioxide emissions; and data unit conversions values. Source: https://www.eia.gov/totalenergy/data/monthly/pdf/mer_a_doc.pdf Report: MER (https://www.eia.gov/totalenergy/data/monthly/)"
