variable,seriesId,seriesName,multiplier,notes1,notes2
,cap_gen_elep_NA_hyd_cnv_NA_gw,,,,
,cap_gen_elep_NA_ofw_NA_NA_gw,,,,
,cap_gen_elep_NA_ofw_NA_NA_gw,,,,
,cap_gen_elep_NA_slr_phtvl_NA_gw,,,,
,cap_gen_elep_NA_slr_therm_NA_gw,,,,
,cap_gen_elep_NA_wbm_NA_NA_gw,,,,
,cap_gen_NA_NA_geothm_NA_NA_gw,,,,
,cap_gen_NA_NA_slr_NA_NA_gw,,,,
,cap_gen_NA_NA_wnd_NA_NA_gw,,,,
,cap_gen_NA_NA_wnd_NA_NA_gw,,,,
,cap_NA_elep_NA_cl_NA_NA_gw,,,,
,cap_NA_elep_NA_nup_NA_NA_gw,,,,
,cap_NA_elep_NA_pst_NA_NA_gw,,,,
,cap_NA_elep_NA_tep_NA_usa_gw,,,,
,cnsm_enu_alls_NA_cos_delv_NA_qbtu,,,,
,cnsm_enu_alls_NA_dele_delv_NA_qbtu,,,,
,cnsm_enu_alls_NA_elc_delv_NA_qbtu,,,,
,cnsm_enu_comm_NA_elc_NA_NA_qbtu,,,,
,cnsm_enu_comm_NA_tot_NA_NA_qbtu,,,,
,cnsm_enu_comm_NA_tot_NA_NA_qbtu,,,,
,cnsm_enu_idal_NA_elc_NA_NA_qbtu,,,,
,cnsm_enu_idal_NA_tot_NA_NA_qbtu,,,,
,cnsm_enu_resd_NA_elc_NA_NA_qbtu,,,,
,cnsm_enu_resd_NA_tot_NA_NA_qbtu,,,,
,cnsm_enu_resd_NA_tot_NA_NA_qbtu,,,,
,cnsm_enu_ten_NA_ng_NA_NA_qbtu,,,,
,cnsm_enu_trn_NA_elc_NA_NA_qbtu,,,,
,cnsm_enu_trn_NA_tot_NA_NA_qbtu,,,,
,cnsm_NA_elep_NA_hyd_cnv_NA_qbtu,,,,
,cnsm_NA_idal_cns_aro_NA_NA_trlbtu,,,,
,cnsm_NA_idal_idei_cos_NA_usa_qbtu,,,,
,cnsm_NA_idal_idei_ngs_NA_usa_qbtu,,,,
,cnsm_NA_idal_idei_pet_NA_usa_qbtu,,,,
,cnsm_NA_idal_idei_prc_NA_usa_qbtu,,,,
,cnsm_NA_idal_idei_tot_NA_usa_qbtu,,,,
,cnsm_NA_idal_ming_lsapfl_NA_NA_trlbtu,,,,
,cnsm_NA_idal_ming_peo_NA_NA_trlbtu,,,,
,cnsm_NA_idal_ming_pes_NA_NA_trlbtu,,,,
,cnsm_NA_idal_NA_hyd_cnv_NA_qbtu,,,,
,cnsm_NA_idal_ref_ng_NA_NA_trlbtu,,,,
,cnsm_NA_idal_ref_pet_NA_NA_trlbtu,,,,
,cnsm_NA_idal_ref_prc_NA_NA_trlbtu,,,,
,cnsm_NA_idal_ref_stc_NA_NA_trlbtu,,,,
,cnsm_NA_idal_ref_tot_NA_NA_trlbtu,,,,
,cnsm_use_ten_NA_bms_NA_usa_qbtu,,,,
,cnsm_use_ten_NA_lfl_NA_usa_qbtu,,,,
,eci_NA_NA_NA_gdp_rcnsp_NA_blny09dlr,,,,
,eci_NA_NA_NA_gdp_real_NA_blny09dlr,,,,
,eci_NA_NA_NA_gdp_rexp_NA_blny09dlr,,,,
,eci_NA_NA_NA_gdp_rgsp_NA_blny09dlr,,,,
,eci_NA_NA_NA_gdp_rimp_NA_blny09dlr,,,,
,eci_NA_NA_NA_gdp_rinv_NA_blny09dlr,,,,
,emi_co2_comm_NA_elc_NA_NA_millmetnco2,,,,
,emi_co2_comm_NA_elc_NA_NA_millmetnco2,,,,
,emi_co2_comm_NA_elc_NA_NA_millmetnco2,,,,
,emi_co2_comm_NA_elc_NA_NA_millmetnco2,,,,
,emi_co2_comm_NA_NA_NA_NA_millmetnco2,,,,
,emi_co2_comm_NA_NA_NA_NA_millmetnco2,,,,
,emi_co2_elep_NA_cl_NA_NA_millmetnco2,,,,
,emi_co2_elep_NA_NA_NA_NA_millmetnco2,,,,
,emi_co2_elep_NA_ng_NA_NA_millmetnco2,,,,
,emi_co2_elep_NA_oth_NA_NA_millmetnco2,,,,
,emi_co2_elep_NA_pet_NA_NA_millmetnco2,,,,
,emi_co2_idal_NA_elc_NA_NA_millmetnco2,,,,
,emi_co2_idal_NA_elc_NA_NA_millmetnco2,,,,
,emi_co2_idal_NA_NA_NA_NA_millmetnco2,,,,
,emi_co2_idal_refliq_NA_NA_NA_metnco2,,,,
,emi_co2_idal_refliq_NA_NA_NA_metnco2,,,,
,emi_co2_resd_NA_elc_NA_NA_millmetnco2,,,,
,emi_co2_resd_NA_elc_NA_NA_millmetnco2,,,,
,emi_co2_resd_NA_elc_NA_NA_millmetnco2,,,,
,emi_co2_resd_NA_elc_NA_NA_millmetnco2,,,,
,emi_co2_resd_NA_NA_NA_NA_millmetnco2,,,,
,emi_co2_resd_NA_NA_NA_NA_millmetnco2,,,,
,emi_co2_ten_NA_cl_NA_NA_millmetnco2,,,,
,emi_co2_ten_NA_NA_NA_NA_millmetnco2,,,,
,emi_co2_ten_NA_ng_NA_NA_millmetnco2,,,,
,emi_co2_ten_NA_oth_NA_NA_millmetnco2,,,,
,emi_co2_ten_NA_pet_NA_NA_millmetnco2,,,,
,emi_co2_trn_NA_elc_NA_NA_millmetnco2,,,,
,emi_co2_trn_NA_elc_NA_NA_millmetnco2,,,,
,emi_co2_trn_NA_NA_NA_NA_millmetnco2,,,,
,gen_NA_alls_NA_geothm_NA_NA_blnkwh,,,,
,gen_NA_elep_NA_bgm_NA_NA_blnkwh,,,,
,gen_NA_elep_NA_cfr_NA_NA_blnkwh,,,,
,gen_NA_elep_NA_cl_NA_NA_blnkwh,,,,
,gen_NA_elep_NA_dpe_NA_NA_blnkwh,,,,
,gen_NA_elep_NA_geothm_NA_NA_blnkwh,,,,
,gen_NA_elep_NA_hyd_cnv_NA_blnkwh,,,,
,gen_NA_elep_NA_ng_NA_NA_blnkwh,,,,
,gen_NA_elep_NA_nuc_NA_NA_blnkwh,,,,
,gen_NA_elep_NA_pet_NA_NA_blnkwh,,,,
,gen_NA_elep_NA_slr_phtvl_NA_blnkwh,,,,
,gen_NA_elep_NA_slr_phtvl_NA_blnkwh,,,,
,gen_NA_elep_NA_slr_therm_NA_blnkwh,,,,
,gen_NA_elep_NA_slr_therm_NA_blnkwh,,,,
,gen_NA_elep_NA_teg_NA_usa_blnkwh,,,,
,gen_NA_elep_NA_wbm_NA_NA_blnkwh,,,,
,gen_NA_elep_NA_wnd_NA_NA_blnkwh,,,,
,gen_NA_elep_NA_wnd_NA_NA_blnkwh,,,,
,gen_NA_elep_NA_wnd_ofs_NA_blnkwh,,,,
,gen_NA_elep_NA_wnd_ofs_NA_blnkwh,,,,
,gen_NA_elep_tge_cl_NA_usa_blnkwh,,,,
,gen_NA_elep_tge_ng_NA_usa_blnkwh,,,,
,gen_NA_elep_tge_nup_NA_usa_blnkwh,,,,
,gen_NA_elep_tge_oth_NA_usa_blnkwh,,,,
,gen_NA_elep_tge_pet_NA_usa_blnkwh,,,,
,gen_NA_NA_NA_munwst_NA_NA_blnkwh,,,,
,gen_NA_NA_NA_wbm_NA_NA_blnkwh,,,,
,prce_hhp_NA_NA_ng_NA_usa_y13dlrpmmbtu,,,,
,prce_NA_NA_NA_cl_mnmth_NA_y13dlrpmmbtu,,,,
,prce_NA_NA_NA_cr_wti_usa_y13dlrpbbl,,,,
,prce_real_comm_NA_dfo_NA_NA_y13dlrpmmbtu,,,,
,prce_real_comm_NA_elc_NA_NA_y13dlrpmmbtu,,,,
,prce_real_comm_NA_ng_NA_NA_y13dlrpmmbtu,,,,
,prce_real_elep_NA_ng_NA_NA_y13dlrpmmbtu,,,,
,prce_real_idal_NA_dfo_NA_NA_y13dlrpmmbtu,,,,
,prce_real_idal_NA_elc_NA_NA_y13dlrpmmbtu,,,,
,prce_real_idal_NA_ng_NA_NA_y13dlrpmmbtu,,,,
,prce_real_resd_NA_elc_NA_NA_y13dlrpmmbtu,,,,
,prce_real_resd_NA_ng_NA_NA_y13dlrpmmbtu,,,,
,prce_real_resd_NA_prop_NA_NA_y13dlrpmmbtu,,,,
,prce_real_ten_NA_elc_NA_NA_y13dlrpmmbtu,,,,
,prce_real_ten_NA_elc_NA_NA_y13dlrpmmbtu,,,,
,prce_real_ten_NA_mgs_NA_NA_y13dlrpmmbtu,,,,
,prce_real_ten_NA_ng_NA_NA_y13dlrpmmbtu,,,,
,prce_real_trn_NA_dfu_NA_NA_y13dlrpmmbtu,,,,
,prce_real_trn_NA_elc_NA_NA_y13dlrpmmbtu,,,,
,prce_real_trn_NA_jfl_NA_NA_y13dlrpmmbtu,,,,
,prce_real_trn_NA_mgs_NA_NA_y13dlrpmmbtu,,,,
,prce_real_trn_NA_ng_NA_NA_y13dlrpmmbtu,,,,
,sup_prd_ten_NA_cl_NA_usa_qbtu,,,,
,sup_prd_ten_NA_cl_NA_usa_qbtu,,,,
,sup_prd_ten_NA_clc_NA_usa_qbtu,,,,
,sup_prd_ten_NA_dng_NA_usa_qbtu,,,,
,sup_prd_ten_NA_ngp_NA_usa_qbtu,,,,
,sup_prd_ten_NA_nuc_NA_usa_qbtu,,,,
,sup_prd_ten_NA_tot_NA_usa_qbtu,,,,
,trad_exp_ten_NA_cl_NA_usa_qbtu,,,,
,trad_exp_ten_NA_cl_NA_usa_qbtu,,,,
,trad_exp_ten_NA_ng_NA_usa_qbtu,,,,
,trad_exp_ten_NA_pet_NA_usa_qbtu,,,,
,trad_exp_ten_NA_tot_NA_usa_qbtu,,,,
,trad_imp_ten_NA_cr_NA_usa_qbtu,,,,
,trad_imp_ten_NA_lfl_NA_usa_qbtu,,,,
,trad_imp_ten_NA_ng_NA_usa_qbtu,,,,
,trad_imp_ten_NA_tot_NA_usa_qbtu,,,,
,trad_NA_elep_NA_netimp_NA_usa_blnkwh,,,,
